PC1,PC2,PC3,PC4,PC5,PC6,PC7,PC8,PC9,PC10,KMeans_Cluster,DBSCAN_Cluster,Hierarchical_Cluster
3.316750812214777,1.4434626343180077,-0.1657390446144169,-0.2156311875590888,0.6930428405893466,0.2238801282593596,0.5964265458075445,-0.06513909470512287,-0.6414427057667886,1.0209558528966174,2,2,1
2.2094649169188467,-0.3333928870803002,-2.026457373807537,-0.2913583181806712,-0.25765463451113,0.9271202441338154,0.05377561283487453,-1.0244159502406087,0.3088467525698324,0.15970137197881495,2,-1,1
2.5167401466103825,1.0311512962743175,0.9828186702120626,0.7249023094447304,-0.2510331181840571,-0.5492760466688984,0.4242054509915774,0.34421613110294574,1.1778344712856532,0.11336085674454847,2,-1,1
3.757065609773208,2.75637191371071,-0.17619184219949105,0.5679833077758997,-0.31184159119241595,-0.11443100019074631,-0.3833372970483217,-0.64359349841541,-0.052544421496221315,0.2394126049504906,2,-1,1
1.0089084937957158,0.8698308214172034,2.0266882192354103,-0.40976578835747296,0.29845750303764973,0.40651960051626096,0.44407446290588004,-0.41670047012482725,-0.32681916477844564,-0.07836648197567547,2,-1,1
3.0502539224180807,2.1224011146341897,-0.6293958270439108,-0.5156374945358502,-0.6320187337580411,-0.12343055743291374,0.40165375814063503,-0.39489342101396674,0.1521460762844114,-0.10199581622244742,2,-1,1
2.44908966959623,1.1748501316494735,-0.9770948907141975,-0.06583050459019166,-1.0277619090259944,0.6201207425567615,0.052890728469980525,0.3719338618330941,0.4570158548459802,1.0165634589013122,2,0,1
2.0594368714379145,1.6089630683635059,0.14628188306156018,-1.1926080102922094,0.07690349381001525,1.4398062169701145,0.03237559232592337,-0.23297895374121433,-0.12337031634070916,0.7356000471602866,2,-1,1
2.510874297398989,0.9180709573337766,-1.7709690272289433,0.056270361230009995,-0.8922569767206774,0.12918104790134066,0.12528507133680847,0.4995779042542797,-0.6065891979197708,0.17410661316418147,2,0,1
2.7536281876339084,0.7894376738336056,-0.9842474895182366,0.3493815683116285,-0.46855307554089665,-0.1633916503408566,-0.8743522449142759,-0.15057950285160046,-0.2304891521939298,0.17942010289395283,2,0,1
3.47973668273121,1.302333237123593,-0.4227352165808454,0.02684175997358276,-0.3383747782271913,0.18290163145863467,0.24816238376084573,1.2066109659500022,0.5245739738191196,-0.21453758530767694,2,-1,1
1.7547529012945884,0.6119772287456308,-1.1908783196301753,-0.8901643378997617,-0.7385726590676288,0.5530552504223043,-0.43426624055530116,0.9851265370740229,0.47403048003936554,0.22028278040791635,2,-1,1
2.113462340315095,0.6757063391426175,-0.8650864256166552,-0.3564380100097043,-1.2099287234323286,0.215076117689228,-0.24259717624975327,0.4615063643810359,0.878813389632279,-0.09650536424084787,2,-1,1
3.458156819336721,1.1306298761729363,-1.2042763525381917,0.16245806285912404,-2.023126808020389,-0.7457808259314079,1.4757734192130894,0.3803857559886071,0.025702147240890767,-0.24465261249624348,2,-1,1
4.312783906765561,2.09597557534126,-1.2639127523579987,0.3057731897043436,-1.0296926129271045,-0.7956429129578639,0.9999709473177856,0.40489140770451293,0.8403425383218418,-0.36443290635627995,2,-1,1
2.3051882008279727,1.6625517299890535,0.21790261559595933,-1.4405900273281098,-0.4695501036028694,0.42221340272744534,-0.18096750223581312,-0.0841166995016691,0.40445791524511365,-0.7996551279792793,2,1,1
2.1719552737415135,2.3273053361914173,0.8317298659860107,-0.9126012748605073,-0.00011494041364609784,0.06652930594707139,0.10948778178456647,0.39943479789086384,-0.061055285590707185,0.019513855919206263,2,1,1
1.8989711765627613,1.6313688786428362,0.7949137923810723,-1.082380388173904,-0.43870521384409067,-0.36493081269720823,0.0916465692534621,-0.11284025728618172,-0.38203327494217815,-0.4013209342428057,2,1,1
3.5419850819434693,2.5183436693066437,-0.48545850766629095,-0.9103228070335029,-1.153079338325164,-0.30387702080278983,-0.03346421330100424,0.035600118494736405,0.44156600913534555,-0.7845769722980218,2,-1,1
2.0845222047303125,1.0611379935838594,-0.16474667849947386,0.4849974192528109,0.8825113543962527,1.3930177039350196,-0.10247218096587113,-0.5799152652554069,-0.05875280062960759,-0.150049301865386,2,-1,1
3.1244025351672002,0.786897105650894,-0.3648870829888447,-0.025561690615412525,0.9724136022651109,0.10692176158726757,0.2647624909929204,-0.18560141550980835,-1.3184623081450737,0.36209122109421965,2,2,1
1.0865700683322401,0.24174355133283915,0.9369615996106451,1.0299098409855725,0.31597169520809465,1.211014896203919,0.2969316982538354,0.10645128084851109,0.5726992115534609,-0.09243260781862682,2,-1,1
2.5352240799037142,-0.09184062072088181,-0.31193265934797015,-0.04839123553408321,-0.4295815580798903,1.0149431073524462,-0.12776964657716341,0.07661405081998454,-0.10826273738591985,0.8255181343183575,2,0,1
1.644988341254469,-0.5162789300672365,0.14388509467079436,-0.4137200244408212,-0.37571996475959735,0.7845055212674501,-0.6684021835766655,-0.19526544123818956,0.6924023566956725,0.4716824465470621,2,-1,1
1.7615758722692998,-0.31714893268438293,0.8902856474056886,-0.11511561127372245,-0.5566684221133094,0.8987488704298392,-0.623550862649336,0.3422738429245421,-0.09498393599297622,0.6664303088983472,2,-1,1
0.9900791016088563,0.9406673381906311,3.8209080081948414,-1.3215611983994238,0.1590047086428358,0.2651282416488152,0.48190733141252856,-0.09489148455070268,-0.11039337679642687,0.4659587128524708,2,-1,1
1.7752776281133686,0.6861751342850224,-0.0867004064887642,-0.23290678013651292,-1.1429426877872093,0.5714744892181829,-0.45802827245441563,-0.9087210467184255,0.7422630166681756,0.44254395674847086,2,-1,1
1.2354239643099052,-0.08980704136064017,-1.3868965448964374,-0.49568272032054206,-0.37594139852868724,0.6080881813227466,-0.36301031260707417,0.23648821779707055,0.734793790597907,0.299431849931422,2,-1,1
2.188406334451961,0.689569620661622,1.3945668808503602,-0.7774918110895735,-0.8105840689014855,0.6020724422910149,0.11793274725067218,0.074795681551254,-0.4597436343240244,-0.02810661977232996,2,-1,1
2.2561089812837065,0.19146193688666452,-1.0926572575082945,0.28615229925340285,-0.4830732567407486,0.3352335403470931,-0.15835032063133994,0.4700642996286673,-0.13750201364859327,0.8023592256307465,2,0,1
2.500220025789425,1.2408338348969405,1.386017854715681,-0.3668652201911005,-0.6223328641186464,-0.5824551819839343,-0.41599774819891105,1.0594353590552978,0.5383954112640844,-0.32073673149321347,2,-1,1
2.6774110474440147,1.4718736461032473,-0.3322617283750924,-0.3493538754148736,-0.08659432884921046,-0.16482979824911695,-0.5342419303195052,0.5318060401338638,0.7875179858886172,-0.21898191756099672,2,-1,1
1.628579116430918,0.05270445057532266,-0.16712870624533313,-0.7493142456722225,-0.6360627488393432,0.044318501657431314,0.9803295940593747,0.49907072614046605,-0.1315290701974867,0.16556989075346693,2,-1,1
1.902690862238148,1.633060434769982,1.1720821191753485,-2.3404290386722,-0.18681405194316386,0.32798776400046986,0.983933266280087,-0.5126440333944554,-0.7117217196656499,0.09960871184575426,2,-1,1
1.4103885265954061,0.6979343246113554,0.47974302516866263,-1.0600862162177838,0.09916074438965612,0.7102499520999589,-0.22973893244593063,0.22747487143746653,0.3967331638744974,0.1999574373736907,2,-1,1
1.9038262321944857,0.17671095109545484,0.45083504003720887,0.2841135523353403,-0.16294944526064653,0.17464172503368772,-0.6578273393646451,0.35472896036507284,-0.20816166237840295,0.3369444104104782,2,-1,1
1.3848622303748388,0.6586398536611476,0.4584385808520628,-1.2846581514469118,-0.20501159047375936,0.6204916299314287,-0.07037800436338815,-0.9607472622265923,0.30528476558434986,-0.20335253550174098,2,-1,1
1.1222074104413098,0.11410976029688712,-0.03910727668974913,-0.9564012232757326,-0.3422112350676247,0.40912630908713,-0.4086035105896966,0.02934105559753647,0.8538641639280091,-0.313472872786381,2,-1,1
1.5021945006181907,-0.7694320064310085,-1.4261773458904623,-0.7575080925372694,-0.16584413489731317,0.41545226099163585,-0.026898952134433204,0.02635525075689351,0.2781175654579404,-0.2832925560438093,2,-1,1
2.529801092371811,1.8030019760618277,-0.3431523889796902,1.1869742956154645,1.2978957091037766,1.542270768068936,0.9656882861512925,-0.7689335896838212,-0.7213305416529185,0.022681725529553394,2,-1,1
2.588095425854403,0.7796163041925065,-0.1184774661137348,0.47597143975668504,0.4033220159457147,-0.7251830257912899,0.549131939268492,-0.7060282787222656,-0.8175035633637681,0.3241466362456674,2,2,1
0.6684819937541862,0.1699609406198754,-0.7833625480611469,1.3130837770039683,-0.3717634179097553,1.3246916413618584,0.02719168763406075,0.32603765864362627,0.2850855042542229,-0.07222044292974635,2,-1,1
3.070806990412008,1.1559189566098818,-0.31275808393415533,0.5502846354673232,-0.3041256525729704,0.8079174183981669,-1.0114175755133712,-0.9298221727755913,0.21824229708607476,0.23008952952801942,2,-1,1
0.46220913751600734,0.33074213219227544,-0.20147649625677244,1.4364938632755921,0.28322487726556045,1.0286034468535739,0.5713942813522292,-0.5657703919942018,-0.2932993673182015,-0.07819222271933177,2,-1,1
2.1013519305380153,-0.07100892095406702,-0.6558494150434345,0.7577448387022171,0.47153772635352437,-0.3718079768589237,0.020548123967879722,-0.6243339982669409,-0.29900305546927375,0.4292115309426692,2,-1,1
1.1361661775610186,1.7771073929776375,0.028705735784751794,0.6918312117745794,-0.06092420575197908,1.9138679124844697,0.17269714903732722,-0.2567137930457604,-0.5534159913574366,0.18735241444041723,2,-1,1
2.7266009636408026,1.1913346919571832,-0.5397732611476732,1.3895506741306758,-0.4968945883275827,1.0109985810982203,0.7394299324106337,0.24325406014378856,-0.44660004130541087,-0.11106768782040924,2,-1,1
2.8213392741922485,0.646258599141703,-1.1555524107274087,0.9876629123241935,-0.009977017690710226,-0.29076542470241573,-0.47391402102996855,-0.14221260590401824,-0.4066026293999233,0.25379001712463467,2,-1,1
2.009850850912358,1.2470294606787593,-0.05729398793992156,0.2306431070403053,-0.384651070494782,-0.5259542352597623,0.22851860586523035,0.801128283474892,-0.11528263047567157,-0.027716081093195257,2,-1,1
2.707491304266394,1.7519674072063363,-0.6431136120007934,-0.10023152006305334,-0.494713031943241,-0.7322784165760903,0.007619904817057063,0.25127135503722364,-0.17756435050415179,-0.30538374477263147,2,-1,1
3.2149174747738223,0.16699199499679043,-1.9735716799013736,1.1206839390434595,0.01227819731286534,-1.2308189297066774,0.2608111773626374,0.4680466732121597,1.2324588341066052,-0.5933180411596116,2,-1,1
2.858959826717293,0.7452788039895867,0.004719502164697499,-0.2152765569945481,-0.7588084943240829,0.19212307003303336,-0.35374675970300795,1.0721234395431432,0.9869597679311837,0.11415475158143898,2,-1,1
3.505604355923223,1.6127338560350097,-0.5207745300761745,0.10653642366462986,-0.6016844439291615,-0.1835443659107544,0.15187262929295986,-1.421102462279971,-0.4028085918861123,-0.42484761645610103,2,-1,1
2.224791380532173,1.8751679995630233,0.33954985035421037,-1.2069665793418802,-0.5766442488035826,0.24595468138805884,0.465160661535356,-0.39927680951640476,0.31529425773024317,-0.08248269359069586,2,1,1
2.1469878235638666,1.0167515377576597,-0.9577627619503266,-0.24031819021885917,0.8801045044036464,0.36177499642669314,-0.4119478762320952,-0.28956786064539525,-0.28053657610840643,0.4547761130430537,2,2,1
2.4693294837977877,1.3290083106496209,0.513437453035972,0.25534862071665165,0.9121401022097717,-0.5548694652071419,-0.35840072624319913,0.5375228268596047,0.13564631140902764,0.15588662560355007,2,-1,1
2.741517914277453,1.4365487835125135,-0.6124733957169577,0.2057474410262054,0.4342638634395121,-0.11599776839230252,-0.039229352477599,-0.35138741927363853,-0.9330872731996983,0.346852389928705,2,2,1
2.1737409209653076,1.2121998406977927,0.26177959277079055,-0.5044260860796398,-0.695421813036026,0.2569837369301487,-0.21906357641855514,-0.6118448497930885,0.8389870880398949,-0.4553189589195155,2,1,1
3.1393801518289957,1.7315791159925111,-0.28566141261644845,0.23056721248328438,0.07504083607220353,-0.3515621681113958,-0.8430752920963693,-0.6262776600328548,0.41463562848138,-0.20270895291719945,2,-1,1
-0.9285819689218563,-3.0734861631889254,-4.585064007148211,-1.0518443905458013,0.45712412350464554,0.3882526619586925,-0.09227155897482033,-0.6778092133799147,-0.3759727890462209,-0.4153089675364564,0,-1,2
-1.5424801378968809,-1.3814435080942276,-0.8746831124458101,-2.8901197461574197,-0.9780083247078409,-0.03501115627898822,1.0588530200461015,-1.0753757896852216,-0.2759974023153006,-0.5821572469741882,0,-1,0
-1.83624976346694,-0.8299841230557161,-1.6057021863206213,-1.452104853188852,-0.2940757973576257,-0.6841167093123389,0.25414354401693606,-0.9824533168693983,-0.9072722196080898,-0.5719224361155665,1,-1,0
0.030606834086678872,-1.262786144211402,-1.7844080104188575,-1.2065760705635413,-0.39360432212975194,0.6070870606421238,-0.5709833767543563,0.619863785920807,-1.2019584178809053,-0.30520222546288495,0,-1,2
2.050261607576314,-1.9250326046501018,-0.007368777349818637,0.7213219027367317,-0.08112664847440743,-0.7645261545325716,-1.0758373366224876,-0.29854856805489016,-0.6110570595232926,-1.4074598422175957,0,-1,2
-0.6096808271776237,-1.9080588050851877,0.6793579379775361,-2.1530760908358872,-0.04990255123111102,0.19136551192055856,0.5031210658266102,-0.015815306626903124,-0.32914144770785597,-1.0485851417282768,0,-1,2
0.9002278387071423,-0.76391147360961,0.5733613020971922,-0.6793616342868728,-0.1426330485109351,-1.017532244719704,0.19331274228380205,-0.09316029346103827,0.5907741033000294,-0.6800264322383168,0,-1,2
2.2485071907983922,-1.8845924845501325,-2.0318401928675884,1.4076272343171503,-0.7320069560460439,-1.3033985283217506,-0.34471876832032444,0.17678794112074783,-0.807628059933179,-0.37591763221797336,0,-1,1
0.1833840266847537,-2.4271461147035707,-1.069745560247801,0.12741797198490887,-0.5345735590539715,0.07000088225152326,-1.3547653565542692,0.22630735446898917,-0.4023960820620191,0.1068026893814373,0,4,2
-0.8128050273520717,-0.2205139869022689,-0.7070053958009677,-2.4889895776206488,-0.5835598311121765,0.3174396446048201,0.3670917505964933,-1.246598855347362,-0.996851897355075,0.12802854923447257,0,-1,0
1.9756204987985524,-1.4032832253096132,-1.2382762196848605,-1.15230648886626,4.186656742220531,-0.49299754529721984,1.456545587696778,1.0424772952984145,-0.37437910902898214,0.41611342570904974,0,-1,1
-1.5722162196263005,-0.8849831369082211,-0.6289979502315936,-1.1718464071389367,0.9653445697690042,-0.26941010150415207,0.15082179870381532,0.7198068550578416,1.0893379002457932,0.671343585600477,0,-1,0
1.6576818088332872,-0.9567121974591517,1.9525842166061975,0.1522089116011098,-0.7871611831143358,0.31622495546180934,-1.4916305629369182,1.5309495572433545,-1.1587235622059646,-0.7043890361929985,0,-1,1
-0.7253723880353568,-1.0636454007060945,0.08033222861543529,-0.07601943117966677,-0.18016577036872997,0.5443166900135585,-1.59890131225717,1.0522996912797384,-0.8980994570175906,0.3880591239262966,0,-1,2
2.5622271731703603,0.2601985506545935,3.374393962239762,-0.9793994323621695,1.9807986006300489,0.31203963442139787,-0.449393023278509,1.1306325247215703,-1.1119276561622682,-0.13397905163685941,2,-1,1
1.8325675700495463,-1.2878781978605265,0.45828002739955825,0.17135075351694928,1.0012222334229652,-0.0778578263863488,-1.3756389710624053,-0.5290113945273455,0.4516319779176624,-0.24009962814934205,0,-1,2
-0.8679929031954136,-2.4441011855808625,-1.56333317895038,-0.8314598593846776,0.7079799805345894,-0.11236375184395271,0.42318075171158775,-0.06489481651958118,0.21623949516977067,-0.942926609322472,0,-1,0
0.37001440429478083,-2.153906975156987,-2.4493863483037415,-0.12615904447506757,0.09529984226013087,-0.5569235324392497,-0.6478137968766042,0.7398119091153983,-0.7812069765942702,-0.4710990589864698,0,-1,2
-1.4573770449061387,-1.3833517690762576,-0.22730690232730502,-0.6963568703737992,1.067362182563811,0.8187697798548625,0.9342607545695286,-0.8552881939863859,0.04880804175332798,0.07189293078038932,0,-1,0
1.262930849728497,-0.7708495299701159,-1.184224517375239,-0.9258822437115116,2.613593044713572,-1.597795718252229,2.0137582744407734,0.17247913512378285,0.15650293363974835,0.5761703582004184,0,-1,1
0.37615037193423967,-1.027043403355823,1.7944662945426593,0.9785445272560198,-0.13656918831244286,0.661153186523625,1.1932128759790528,0.33325118845921353,-0.7996845496637546,-0.5859321828210017,0,-1,2
0.7620639041095961,-3.375053809963535,-0.3574700555394667,-0.36673291451865336,-0.15444057267645364,-0.24524198514541332,-0.41991645782970044,0.24143580606342438,-0.6730591160355296,-0.6654507907386183,0,-1,2
1.0345779671651851,-1.4507097382440914,-0.3630117731639621,0.29659578044989765,-0.3058872373625728,0.10033806335892279,-0.4592995463761863,0.6055959283044126,0.29106745951505125,-0.10007677439767196,0,4,2
-0.49487675568032957,-2.3812435267673706,1.3357431762848648,-1.0409788442473553,-1.0421266340608495,-0.11277469690004645,-0.6464101961785745,0.948629614824929,0.5303957632935563,-0.13476485136899163,0,-1,2
-2.53897708429512,-0.08744335730498132,0.474251392769147,0.7586014542364242,-1.1278164752510718,-0.1806866680941827,1.1562986358284582,0.5022160406660023,-0.20112302697199802,0.14971549127560474,1,-1,0
0.8353201453942961,-1.473670551400868,0.6100935756921062,0.5829518777254223,0.8991847835917871,-0.8825278739997947,-0.8330969102857722,-0.5608584014904624,1.2122681764699323,0.8426168254636248,0,-1,2
0.787904614989708,-2.026626522462477,-0.25472340396955107,-0.809418080431566,0.25885254234844357,0.15780596379903,-0.27002438111776506,0.14707425628408682,-0.5186122836728555,0.13473143217270647,0,-1,2
-0.80683215596554,-2.233830390843911,0.7728557971982645,-1.0137157469318312,-0.29186229873771513,-0.34959387598287406,0.256929716011155,1.057711208301388,0.06592413323384494,-0.49173196185880014,0,-1,2
-0.5580426248756841,-2.372985428849456,2.3076114040120044,-1.035320305823695,-0.4769395079975879,0.2375670896915007,-0.49170074806007197,0.8664736338107809,0.41479666782877583,-0.14407059087712296,0,-1,2
-1.1151110419194477,-1.8022471916654532,0.9592533076886534,-0.3312837911530208,-0.7315100618693949,-0.05794607596742233,0.08777415942999654,-0.312517566657821,0.9046754893522082,0.3055460682733277,0,3,2
-0.5557228299517035,-2.6575400353922927,0.8491268977432229,-0.003197641327031116,-1.3462570019392686,-0.040614286628151655,-0.761200995750693,0.436108291905408,0.3506648462863439,0.6797044668354513,0,-1,2
-1.3492852824437318,-2.1180014697848173,-0.047652320848693495,-0.46625056695413336,-0.8905459729866037,-0.4965897226894363,0.756290067113986,0.12176472851863755,0.6180368552555862,0.19175790861262268,0,3,2
-1.5644826057199068,-1.8522145217655501,0.7810670309346314,-0.6050793910273242,-0.5164653651812148,-0.7320173199611693,0.13764166746639733,0.4436811565296397,0.415682571543344,0.593263158167296,0,3,2
-1.9325556106314645,-1.5594954568986203,-0.08927467610867965,-0.5225693568575689,-1.17369757078995,-0.9059614024568207,0.5388714777334354,0.5480339216919415,0.1322247183245967,0.7350900241961917,0,3,2
0.7466659419884483,-2.3129317092207393,0.11467976874541429,1.248538703990396,0.26293687450294867,0.5166878900737093,0.20878209652616855,0.19571706876260667,-0.10371070219651385,-0.4061341712739246,0,-1,2
0.9574553638036395,-2.2235284346674598,0.1424447736987244,0.3140429470385557,0.944142711678201,0.38282649546954395,-0.758109285120958,-0.9024518481440649,-0.09661204749473405,-1.2743123862090155,0,-1,2
2.5438651841995523,0.16927402279974063,0.7886969907454834,-1.0328370427002607,3.731079205235738,-1.351678582633382,2.6440704991780737,0.5331101866548797,-0.15815721422491183,0.5296765638992877,2,-1,1
-0.5439525887762288,-0.3689265458773164,1.3088959318568623,-1.2779985588464948,3.346790715256257,0.709493887820949,-0.35185902422650467,0.11366197214048517,0.9981256765905895,0.056811364688824126,0,-1,0
1.0310497503881466,-2.5655693487335225,-1.0863901738177413,0.2638609847843393,-0.18984401497993436,-0.40268531972597155,0.01345388072279306,-0.03527225275485607,-0.1807464585698361,-0.72954455288739,0,-1,2
2.2519094221481226,-1.4327413803542555,-0.23020824379781554,0.9211710965438441,-0.23992293182092755,-1.042347742663112,-0.8716262109371377,-0.7603424906018087,-0.23651828409720618,-0.9429166317446535,0,-1,2
1.4102160153374572,-2.1661917693703843,0.7488964107708795,1.1956111880598181,-0.7098572124767363,-0.610618652833192,2.0920787314976397,0.5870375511805122,-0.1282501720716349,-1.211203698958818,0,-1,2
0.7977197926930393,-2.37694880308186,-1.5681125312755282,-0.03481636022109024,0.6170913970699857,0.2876458701633462,0.2820929670479786,0.37899213279807886,-0.11300851222180812,-0.6161582263533911,0,-1,2
-0.5495317266494659,-2.2931286432456255,-1.4989353232010794,-0.3070386710514747,0.32601093425323374,0.15075781455307427,-0.4117908475012832,0.799762134083484,0.05149871110417332,0.6684513753442067,0,-1,2
-0.16117373994854575,-1.1644833215600159,1.0037131028373552,0.6616862238806825,0.30118514173661487,0.6605200468901068,-0.4980213496289593,-0.9612311394343901,-0.3245566377115981,0.602736452381683,0,-1,2
-0.6597949416843618,-2.679961185989633,-0.764920868479516,0.46995477355496684,0.1444703846377162,-0.45364679709098654,-0.0476687364709454,-0.44300656550180695,-0.23132238950677406,-0.10337021246803375,0,-1,2
0.39235440818508077,-2.0987317087655364,-0.4718500076097402,0.43705657473857484,-0.3038104545802318,0.24931415163404172,-0.4531964516617071,0.39993608812590736,-0.1753570253319531,0.7393431942321904,0,4,2
-1.7724990779600354,-1.7172884693761414,0.9470331744608652,0.2595125860680529,-1.004825491050159,-0.10602075330952034,1.0790408706579326,-0.41078310223351566,-0.7667182719091824,1.422103848897575,0,-1,2
-0.366267357352066,-2.1693532978292818,-0.48132423474229236,0.39840046167274734,-0.469051313721841,-0.19448661963032227,-0.24027590953271072,0.28641373439215734,0.3381930337240083,0.6504052924258028,0,4,2
-1.6206725727874802,-1.3555833880259567,0.2871590006956159,-0.026024545988176252,-0.5693525482637516,-0.581167769190108,-0.07761587164111979,0.6894111017605488,0.05386446534760002,0.9216377331096548,0,3,2
0.08253578349332599,-2.3062345877483232,-0.4635749893739548,0.8903510234579517,0.34057655163761896,-1.1125046241937535,0.21036667629960443,-0.3020317469106523,-0.5605680067353757,0.8101105376284363,0,-1,2
1.57827507093238,-1.4620342902048171,1.7796459547332846,0.6135844239909839,0.28798173626007856,-0.7973181693422493,-0.2812374555093371,-0.6170532320022699,1.264835337460277,0.31230560141330904,0,-1,2
1.4205692478240148,-1.4182066376337485,0.13927582948819373,3.43053946097484,2.1968843368132287,-1.457116006802936,1.6820261212584795,-0.03498250659003338,0.5504988893690641,-0.1932394310585886,0,-1,2
-0.2787027536488558,-1.930568088670467,0.07867055304723196,0.9285207407965423,0.26149577818835046,0.679997004831023,-0.8475937299898354,-0.289058173856678,-0.594045931030568,-0.17547025653959505,0,-1,2
-1.3031449662482804,-0.7631723136577925,1.9995965104868554,-1.7258358801711153,-0.734906272916681,0.48671988283387163,1.1332766315820286,-0.8449585476326938,0.7022469391080837,-0.5063031629199694,0,-1,2
-0.45707186565262586,-2.269415607589675,1.0613389675926646,-0.8374320543803798,-0.323450841267272,-1.003116683441087,-0.5044309945877966,-0.7410341780378032,0.4232708644806103,-0.506966512456099,0,-1,2
-0.4941858470443763,-1.9390450494868323,1.3239380723766914,-0.061597248301113496,-0.8489075288858672,0.033177558886448785,-0.9821331621683911,-0.9584565685711043,-0.37276510259029755,0.36688264253365227,0,-1,2
0.4820744097730904,-3.87178384840724,1.3442712233930723,-0.8999104922079552,-0.9323577261763412,-0.9693699278766426,1.4031079169598273,0.6787914724444493,0.09719406376658932,-1.3541870014701975,0,-1,2
-0.25288887765320184,-2.821492374701591,-0.3026397845306417,0.4579671014211323,0.3710872502471734,-0.048264524116698904,-0.5681656726256076,0.1422824692149015,0.1612441660203795,0.8438295973604124,0,4,2
-0.10722763772912502,-1.9289220425669578,0.6901482425075125,-0.2737224840846984,1.0710969307184244,-0.03722121638136221,-0.012702058434143522,0.3605242387345369,-0.8175496140614735,0.4544599027530122,0,-1,2
-2.433012602550218,-1.2571410404943903,-1.9030274044113533,0.8697319052756074,-0.46814263413451557,0.8279559644539854,0.24194298857270138,-0.6379549540155797,-0.12674474994435486,0.174772734855746,1,-1,2
-0.5510895391746521,-2.22216155077662,-0.3562288302125369,1.3633198872949561,0.21671559781467625,0.5724168275982741,0.9659276158653981,0.19364421788537486,0.48891793570723463,0.46562470876128614,0,-1,2
0.739621928568221,-1.4089566673657123,1.1253454920042358,1.2051114675926025,0.42992123287584116,-0.10584620913612462,-0.20502618829410307,-1.3934665765404848,0.6469255759888467,0.2116203537126071,0,-1,2
1.3363217334183295,0.2533369311683021,5.345388179195748,0.23903751260620337,0.23650254840122192,-0.8009793022153361,-0.6004019103653431,-1.7787782857751342,-0.41603227775949525,-0.2518109426252188,2,-1,1
-1.1770869962477728,-0.6639668398015716,3.010221887946431,1.166136956482276,0.33272868633415215,1.179625438005651,0.6125505273034448,0.25025326401279957,-0.28695341600182717,0.17104407566632915,0,-1,2
-0.4623350080196795,-0.618288179485041,0.4834423663441801,3.576724357081911,0.12882144758822722,1.5152209721646739,0.7627616048609575,0.24934749092395855,-0.4725414227625992,-0.23326643520569168,0,-1,2
0.9784740793566467,-1.445570498895827,1.4812369749959458,3.7903350912632834,0.49981025849775146,0.11928890623845356,0.18076906950124438,-0.10017048433028226,0.792486693088394,0.017304767720144915,0,-1,2
-0.09680972631598687,-2.109997993135225,0.43482611561678675,1.054695278875831,-0.3114444264256427,0.11013479938956139,-0.5332646015797021,-0.8417779716972841,-0.4430278924900585,0.2945323379232627,0,-1,2
0.03848714594902388,-1.266762109157885,0.6875779128728079,1.2728841836169382,-0.3530521798910754,-0.9739081092152229,-0.8167931788807612,-0.9802318686007174,-0.5196927088645218,0.44630057131956313,0,-1,2
-1.5971585012074723,-1.2081435741284863,3.3611755553864295,-0.21927755281702843,-0.6407634332225771,-0.8661347816356464,0.13861539324987274,0.11285792865510172,0.1642701203418678,0.23258503873611147,0,-1,2
-0.4795649160831271,-1.9388406603940473,1.2965075188296695,0.6869762250808225,-0.06048521935120393,-0.6841610796703199,-0.4105759232297656,0.30109778060311326,-0.4153838115027395,0.6092903004545722,0,-1,2
-1.7928334730311444,-1.1502881044421043,0.782800173182263,1.478778965834315,-0.5042179729065108,0.9954949279092096,0.3185075856874348,-0.25309023069937264,0.7251641004143146,-0.08545806065607588,0,-1,2
-1.327101656141601,0.17038923204902948,-1.180013355309485,-1.5017098056744622,2.305290326188177,0.15285292873521003,-0.8258174328190432,-0.27505122387281333,0.17401432336367367,-0.027452647284118992,1,-1,0
-2.384500834743529,0.374582605524695,-0.7238225948116629,-0.30819498345044427,1.3396319848374627,0.7200320942809169,-0.9298199822828357,0.14148721771874007,0.3624168299745983,-0.47350620591500087,1,-1,0
-2.9369401021466124,0.2638618300683816,-0.1676398159837213,-0.40877342179177806,1.087806061439871,0.09427571947259832,-1.603653073610046,0.5730386402350622,0.35143771841485794,-0.001244545450453821,1,-1,0
-2.146811133816063,0.36825495188646257,-0.45330130146918607,0.04852756505452886,1.726632046624812,1.0316396972367405,-1.0085438565679696,0.2873912607550683,0.41977820241726604,-1.0611650544193967,1,-1,0
-2.3698694883330416,-0.45963480923116457,-1.1013997885920594,-0.8567773352940313,-1.0670065395140116,-1.4307407736044888,0.33954388154075776,-0.8486899774446113,0.31588106536577515,0.3690561171282236,1,-1,0
-3.0638415687203526,0.3534128354584048,-1.0991241041153414,-0.7403981320869422,-0.7377080340420361,-0.8410565972838304,0.716569973529434,-0.7489594342735918,0.09952395993729789,0.19214560155410773,1,-1,0
-3.915753783711888,0.15458251944173415,0.22182779984104625,-0.009068327453004234,-0.36272873638391734,1.1248112081799229,0.8973411556401526,-0.20305141420188688,1.2024701205016435,-0.45008893754179613,1,-1,0
-3.9364633907159607,0.659687233409783,1.712215419214536,0.5454838007805717,-0.5373248151605969,0.8906231803366619,1.4659714585749555,0.06265529332302232,0.06465277790785907,-0.5968654271460809,1,-1,0
-3.0942761177622744,0.3488427592737978,-1.026831413422452,-0.07134920796521045,-1.0593498570949471,0.38695734306064566,0.7723886077669401,0.146331892315557,-0.5281045997577332,0.13895433654797087,1,-1,0
-2.374471628006922,0.29198035155999413,1.241914332830563,-0.7488055395994885,-0.41557911281372295,0.42684748275728085,0.07347623265127809,-0.33174107008636716,-0.5389712813409829,-0.08250221409955383,1,-1,0
-2.7788129476325127,0.2868048728821752,0.6096701239723716,-0.8793468858520341,-0.5544239360926201,0.7357588792106508,0.010212213187761094,-0.43481457820120684,0.15220346760101797,0.7435026298075859,1,-1,0
-2.2865612847384686,0.37250784468529985,-0.9716430323608559,-0.37143773595736645,-0.3380923682075795,0.9128187823194256,-0.9647977255343311,0.1502802047063446,0.2420596740685741,0.9247612933031139,1,-1,0
-2.985633487449465,0.4892179083470127,0.9469529317999698,-1.036225585674915,-0.5851467429990284,1.2276735071323097,-0.2316210848617675,0.3206518798736041,-0.510139743066919,0.26291664515798396,1,-1,0
-2.3751946982271073,0.4823337172448789,-0.252883994053335,0.6711492638133778,-0.6280919050420652,1.5603404373187848,0.972065727967496,0.3745723956457131,-0.5153719871115167,-0.5097730557985376,1,-1,0
-2.2098655255958697,1.160052504157645,-1.2451252259210641,0.31883818812770165,1.6886933981073224,0.3310745437110736,0.009357744571651202,-0.2868944653357161,1.0003914149123527,-0.2105430787466712,1,-1,0
-2.62562100469272,0.5631607642108365,-0.8559610818033769,0.2756840261001692,0.6511122082281522,0.4473196172818272,0.5766521830285488,0.39903062024340663,0.3234797645872382,0.7616701996936893,1,-1,0
-4.280638778751085,0.6496709640237085,-1.4581969616385697,1.128164302438606,-0.35955425002746827,1.6166438942053052,-0.07532072215181272,0.7640679148079216,-0.09874431239249717,-0.023844641293969845,1,-1,0
-3.582641372001103,1.2727027497273025,-0.11078403762472867,1.0499090445620125,-0.523551899588897,0.6001736007175592,-0.18846582342875903,-0.4213459562288291,0.4240954448367645,-0.15093405331128149,1,-1,0
-2.807063720081657,1.5705337870411984,-0.4725279345720872,0.6273584503465339,-0.2601729969289241,-0.5532429126464224,-0.4494641718620561,-0.12287297801598486,-0.04462703727263727,0.02186805929521965,1,5,0
-2.899659333023909,2.0410570079384662,-0.49595981023509234,0.4711556154388572,1.4388772090990594,-0.1785434112420598,-0.3935198611380914,-0.046058654871438585,-0.0904773703024207,-0.6105270331012074,1,-1,0
-2.3207369765492025,2.356366075556674,0.4376817436187645,-0.05225977554049653,2.2344271940530804,-0.07677854217495214,-1.273438698977318,0.4664684266246947,-0.3046494214485014,-0.422941851081573,1,-1,0
-2.549830947226134,2.045283091019525,-0.31226799865092975,0.3869716822307336,1.8475226161978866,-0.980029147535798,-1.6271916638443156,-0.26966324937885466,0.14780219902951477,-0.4326550792126603,1,-1,0
-1.812541284842297,1.5276459462687508,1.3625897815878734,-0.18939590603489037,1.749387197318357,-0.9702915176984986,-1.5418507978367433,0.07949071380612438,-0.3687743892935361,-0.3030687471036436,1,-1,0
-2.760144641923948,2.138932347642613,-0.964628688200679,0.668386111927791,-0.4770416925743448,-1.802113441221318,1.0184060612852026,-0.3717591183460523,0.013306511192957867,0.09597919646625729,1,-1,0
-2.7371505006679895,0.4098862708817926,-1.1904046839669848,-0.6630452043229461,0.4590367767023865,-1.8818902559718895,0.023338202493243553,-0.39319578697393015,0.0022895069661668706,0.8378260475959842,1,-1,0
-3.6048688681834222,1.8023842175839684,-0.0940368613359726,1.2688404735137226,-0.6094653319307305,-0.19193279581126085,1.4184227681317993,0.1978753430808685,0.17466377168982497,-0.1865912106165005,1,-1,0
-2.8898259968735047,1.9252186131303437,-0.7823225555084488,1.3247254007768843,-0.5712429547605549,-0.4306056746807087,0.21785574035230704,0.13700216837059315,-0.3493415189080018,-0.1451887522143905,1,5,0
-3.3921560768357195,1.311876388473596,1.602025968900022,-0.4828421441297902,-0.6708713844634315,-0.8035654872896872,0.09583651626235383,-0.10776718337770444,0.4303124358270269,0.3103903833506505,1,-1,0
-1.048181896853676,3.5150896912197296,1.1600385659132288,0.9353293944209049,-0.8994485346148628,-3.2842813081553226,-0.6424633574198814,0.5223360804340224,-0.9432669079743435,0.3518843227367761,1,-1,0
-1.6099122828479335,2.4066381595743267,0.5485596972407103,0.7543096839806938,-0.9952068461741759,-2.919477058594614,-0.7110561137170471,-0.13752765255949512,-0.18954886165592413,0.07994710073833447,1,-1,0
-3.1431309667439735,0.7381610441757989,-0.09099872392222454,0.9806478454856677,-0.40981351887780715,-0.39892233349539596,-0.07403122442234022,-1.0931903336938402,0.15579782319595256,-0.621054512398738,1,-1,0
-2.240156896269542,1.1754652881188652,-0.10137693249612158,-1.165278716331483,-0.26444929219315244,0.801038761571634,0.5398826927126941,0.13260424271757545,-0.5555902832056421,-0.24682103385630952,1,-1,0
-2.847673776119518,0.5560439658826745,0.8042152181010292,-0.8978880662595413,-0.2548013167243856,0.2885680350234529,0.8677623971976072,-0.251984099962603,-0.3186105921277017,0.25262225421085777,1,-1,0
-2.597497056648763,0.6979655372009214,-0.8849395211306333,-0.2742287476825335,0.772235497188657,0.7198424302489376,0.27250025258744065,-0.26054155552500646,0.3394921044924243,0.22480227683204412,1,-1,0
-2.9492993731348434,1.5553089642839848,-0.9834007272249422,0.015480346925871693,-0.3640821104849853,-0.49120599373323387,-0.9859350902141893,0.7857973191952677,-0.356328468727892,0.007654517692405059,1,5,0
-3.5300322663493104,0.8825267962042378,-0.4660291277785407,0.5807896245708599,-0.6689597199930883,0.4588143074807689,0.5222206681087417,1.0751276155481682,-0.4864394379365871,0.03427664636222892,1,-1,0
-2.40611054047855,2.5923561750423976,0.42822621079957957,-0.1843350916057093,0.4476611237707297,-0.5695062683836791,0.035802069105111765,0.673245046872266,-0.16800701555893505,-0.8658553533125619,1,-1,0
-2.9290847269674534,1.2744469479044835,-1.2133582715051499,0.29531604694656255,-0.2673499275876956,-0.38121311026767474,-0.6443207361032204,-0.0005529116872191275,0.5025310841108578,-0.6000243350530319,1,5,0
-2.1814127788126187,2.077537312734515,0.7637825515581209,-0.38959332189945556,0.3598736020403033,-0.6295677883052275,-0.7533223475598817,0.9260736918317312,0.10983353740991769,0.21663434609491417,1,-1,0
-2.3809277871356365,2.58866743241859,1.418044029496815,0.5885019355198935,1.1279968090043706,0.9836449646975366,-0.9304726426560792,0.29400486979527013,0.0025256720979667745,-0.7087895820104632,1,-1,0
-3.2116172150412465,-0.2512491044255893,-0.8471291521285023,-0.2170653546654718,0.6090952147103339,0.3953777314344398,-0.2918493003613603,-0.5829062710113534,0.5971232366526796,0.1549254971401133,1,-1,0
-3.6779187209738144,0.8477478441497652,-1.3394202310855188,-0.12517586515271537,-0.4861119326918521,-0.8579592100532766,-1.025640017663481,-0.6760870244040708,-0.020623256060563228,-0.02733696124130713,1,-1,0
-2.465555798040447,2.1937983036540945,-0.9187809604264913,0.018024995000049462,-0.7012095215705447,-0.6808550027296538,-0.8291991199880542,0.29651613097458107,-0.3268362327898477,0.27415872838323224,1,5,0
-3.3705241454428583,2.216289139861138,-0.34256951241432354,1.0585268387311837,-0.5741638992346728,1.1087884201217966,0.9584158333692414,0.14609746749776978,0.02249765494732638,-0.3041173610430706,1,-1,0
-2.6019558512247354,1.7572293509792756,0.20758135498125174,0.34949642154655863,0.2550631777338364,0.02646537747773795,0.14689354682507624,0.5524270406733205,0.09796937524834896,-0.20606078677196338,1,5,0
-2.677839460864499,2.7608991316745475,-0.9409418766769928,0.312034746264956,1.2713550029612641,-0.27306792351299236,0.6792354057331014,-0.047023804306264155,-0.0012221468680111845,-0.24799731185436857,1,-1,0
-2.3870170912797173,2.2973466797128204,-0.5506961970110849,-0.6882845476085512,0.8139552190463919,-1.1787829773529046,0.6339752705059193,-0.39082877403759914,-0.05744767254810502,0.49148950164672195,1,-1,0
-3.2087581641980187,2.7689195660475745,1.013913664113114,0.5969031860643166,-0.8951925879513988,-0.29609218412742494,0.005741257097530241,0.29291373426616596,-0.7416604229158593,-0.11796901888786081,1,-1,0
