Component,Explained_Variance_Ratio,Cumulative_Variance
1,0.3619884809992633,0.3619884809992633
2,0.19207490257008944,0.5540633835693527
3,0.11123630536249973,0.6652996889318524
4,0.07069030182714031,0.7359899907589927
5,0.06563293679648599,0.8016229275554787
6,0.049358233192225695,0.8509811607477044
7,0.042386793226233205,0.8933679539739375
8,0.02680748948378864,0.9201754434577262
9,0.022221534047897142,0.9423969775056233
10,0.019300190939440798,0.9616971684450641
11,0.017368356899899157,0.9790655253449633
12,0.012982325756042114,0.9920478511010054
13,0.00795214889899452,0.9999999999999999
