,demand,day_of_week,day_of_month,month,week_of_year,lag_1,lag_7,rolling_mean_7,rolling_std_7
demand,1.0,0.7552237571689915,0.5343270682777368,,0.29717707552349026,0.5981779768849258,0.9882638863948788,0.5522661605813148,-0.23131397145306998
day_of_week,0.7552237571689915,1.0,0.10271192909045608,,-0.20198471258005446,0.5296419543329831,0.7359733061199576,0.13141210957424046,-0.33525608558029796
day_of_month,0.5343270682777368,0.10271192909045608,1.0,,0.9534625892455922,0.5445347259735082,0.5932519599848003,0.9966012208868338,0.3812772987843796
month,,,,,,,,,
week_of_year,0.29717707552349026,-0.20198471258005446,0.9534625892455922,,1.0,0.3756046044718563,0.3610293821585193,0.9414167246218252,0.47702509858760717
lag_1,0.5981779768849258,0.5296419543329831,0.5445347259735082,,0.3756046044718563,1.0,0.6453869897143037,0.5630991937370632,0.5048274528798754
lag_7,0.9882638863948788,0.7359733061199576,0.5932519599848003,,0.3610293821585193,0.6453869897143037,1.0,0.6156070281455805,-0.14082516089705835
rolling_mean_7,0.5522661605813148,0.13141210957424046,0.9966012208868338,,0.9414167246218252,0.5630991937370632,0.6156070281455805,1.0,0.3706750791807867
rolling_std_7,-0.23131397145306998,-0.33525608558029796,0.3812772987843796,,0.47702509858760717,0.5048274528798754,-0.14082516089705835,0.3706750791807867,1.0
